Price,Close,High,Low,Open,Volume
Ticker,EFA,EFA,EFA,EFA,EFA
Date,,,,,
2001-08-01,21.252368927001953,21.898699321156982,21.141812130483316,21.898699321156982,2186700
2001-09-01,19.207916259765625,21.005735632188067,16.668519097162743,20.80163054606132,6010800
2001-10-01,19.558292388916016,20.270308289068872,18.822427872396272,18.94166510611486,8813100
2001-11-01,20.21238899230957,20.684226593262267,19.70818597449968,19.827423187828856,15933900
2001-12-01,20.33560562133789,20.928798401773133,19.77309593239773,19.994689535194105,20011200
2002-01-01,19.15944480895996,20.807769725490438,18.828756470874726,20.429354742291984,14426700
2002-02-01,19.389564514160156,19.53104342035593,18.528752587258822,19.256606412396767,5536200
2002-03-01,20.471973419189453,20.94755064906342,19.49525068970577,19.55831986868087,8095500
2002-04-01,20.783906936645508,20.928795718226798,20.015142363128913,20.471969040677855,5579100
2002-05-01,20.89470100402832,21.426529389962177,20.489010926759157,20.79242601431286,79305900
2002-06-01,20.207763671875,21.060052968341644,19.040128486648694,20.983346209888104,19062900
2002-07-01,18.28158187866211,20.303210242091716,16.619619889692828,20.250366839147958,20630400
2002-08-01,18.10261344909668,18.963423637931744,16.926453438276436,17.923631644925116,15697800
2002-09-01,16.227571487426758,17.981581194613767,15.47244357758346,17.69350664508294,19851600
2002-10-01,16.849746704101562,17.1207738657968,15.266193613967777,16.253144009356767,25917300
2002-11-01,17.795778274536133,17.930439323885878,16.75598686936026,16.85826184953377,23105400
2002-12-01,17.19991111755371,18.363828046386214,16.836838538172046,18.327347231218393,29889300
2003-01-01,16.459877014160156,17.88784827944507,16.199298475740434,17.344106881038492,28667100
2003-02-01,16.1124324798584,16.75171757463222,15.756308119788914,16.605793305985188,15883200
2003-03-01,15.738945007324219,16.710033116499158,14.87556085784843,16.30874290012361,31858500
2003-04-01,17.338884353637695,17.422269349511083,15.808419881062763,15.928286682404874,31285500
2003-05-01,18.457639694213867,18.57055529236634,17.224234049222417,17.38231827230269,18172800
2003-06-01,18.81549835205078,19.76747874588134,18.511490863519118,18.646990764745617,24258900
2003-07-01,19.10039710998535,19.62155389892841,18.70605439747776,18.76164440195021,36660900
2003-08-01,19.729263305664062,19.92382836587885,18.905836424333454,19.109087300482912,19494300
2003-09-01,20.325119018554688,21.06863598084937,19.812647936404503,19.812647936404503,34584000
2003-10-01,21.645376205444336,22.04492957115927,20.51967773336976,20.51967773336976,20489700
2003-11-01,22.19259262084961,22.244709492626555,21.41954325064738,21.932014226131,34153800
2003-12-01,24.131677627563477,24.152847326166285,22.78553919623659,22.900216977947814,38743500
2004-01-01,24.40337371826172,25.12143129348685,24.13344139473251,24.136968668181424,37334700
2004-02-01,24.96440887451172,25.532503750009596,24.115793834257904,24.37161299283389,26328300
2004-03-01,24.98206901550293,25.32433790037626,23.817650159453535,25.22730249094367,39304200
2004-04-01,24.135210037231445,25.62425485099542,24.082282750892062,25.124966847959648,35861100
2004-05-01,24.410438537597656,25.01734783298563,22.901988533348337,24.32751830734439,35967000
2004-06-01,25.22905731201172,25.273163381372107,24.209309643646613,24.46336423744604,34802700
2004-07-01,24.15284538269043,25.169065538560773,23.771764590904265,25.156715034418337,31745400
2004-08-01,24.4404296875,24.45278019545795,23.53535975121146,24.151090216695103,28309200
2004-09-01,24.946765899658203,25.163770934745546,24.346915436736992,24.452771994618946,29753100
2004-10-01,25.82008934020996,25.873016628818327,24.937955749124,25.08791841922768,35374500
2004-11-01,27.390277862548828,27.741367710665696,25.82537000840344,25.82537000840344,47254800
2004-12-01,28.706867218017578,28.76956456576125,27.524555924204403,27.999270564479232,66180600
2005-01-01,28.16049575805664,28.751650366116284,27.47976941231209,28.696118020826333,49137900
2005-02-01,29.22637367248535,29.39476457118674,28.07451793117779,28.151545302303653,50351100
2005-03-01,28.459646224975586,29.753021710806586,28.189147547936127,29.314132246374218,56335800
2005-04-01,27.999265670776367,28.988107410036065,27.553213163159654,28.697905438243293,61221000
2005-05-01,27.75743293762207,28.516976281345354,27.472602133654192,27.9544837739478,66530400
2005-06-01,28.155122756958008,28.719407119595225,27.77714278567044,27.77714278567044,56663300
2005-07-01,28.998863220214844,29.16008703395266,27.53709831891038,28.187368862693706,57373000
2005-08-01,30.111309051513672,30.514369595519607,29.229950323298873,29.337433545048178,44472800
2005-09-01,31.22374725341797,31.476332446351645,30.320891723433082,30.347764058906222,48066100
2005-10-01,30.229541778564453,31.282872875631377,29.31593743924233,31.12702230155572,51515100
2005-11-01,30.92816925048828,31.465583145544798,30.11667517098432,30.465992972728266,60612000
2005-12-01,32.531044006347656,33.363068262232986,31.8030219994086,31.8413387273417,67070700
2006-01-01,34.4085807800293,34.60563948129984,32.958011408647685,33.11675337223847,83629800
2006-02-01,34.16774368286133,34.60017799210155,33.5273047415185,34.41954217073809,84873300
2006-03-01,35.536190032958984,35.86461979878193,33.58750313635994,34.414052563607484,88696700
2006-04-01,37.238563537597656,37.38635967806325,35.508830843869916,35.67851868731151,78392100
2006-05-01,35.81536865234375,38.67271646241823,34.89576250859808,37.60531416231015,101323800
2006-06-01,35.79345703125,36.554320831391294,32.51462642786487,35.44313143303575,106615900
2006-07-01,36.083580017089844,36.20948027140785,33.3521329266186,35.853679562643094,81427100
2006-08-01,37.00318908691406,37.2002478288805,35.569044457973064,35.85368254291789,73689800
2006-09-01,37.08530044555664,37.50678467950775,36.0069522957723,37.12361719409765,68971200
2006-10-01,38.47565460205078,38.84787620584156,37.00866406666504,37.24951456800379,81093600
2006-11-01,39.657997131347656,39.772951527578456,38.34974878171263,38.820499688198446,94264600
2006-12-01,40.92594909667969,41.730831173073625,40.14901597298721,40.5458663677616,103526600
2007-01-01,41.49606704711914,41.64698455406206,39.96455925703836,41.33956316170504,132969900
2007-02-01,41.445762634277344,43.13936489462335,40.80856582868995,41.77553805804148,110824800
2007-03-01,42.64749526977539,42.88225109162325,39.629192120095574,40.79179847269106,143046400
2007-04-01,44.24607849121094,44.76030675437118,42.507759583335556,42.64749580252547,146969100
2007-05-01,45.29130554199219,45.35278982347179,43.95542754331944,44.35227791915335,136885100
2007-06-01,45.145973205566406,45.71609933492087,43.86599326457982,45.47575288125394,127395700
2007-07-01,44.1119270324707,46.83958066023564,43.3349940234241,45.526056836499244,141982400
2007-08-01,43.832462310791016,45.09567910206427,37.72878443078119,43.96102152667403,199925000
2007-09-01,46.163246154785156,46.35328959262688,42.70338095471075,43.7206602577643,128032300
2007-10-01,48.12514877319336,48.34872755697479,45.447802538944906,46.24709381248635,149483300
2007-11-01,46.38125228881836,47.45442553376112,43.59770465381095,47.37617358450976,201034400
2007-12-01,44.99848937988281,48.53531227261124,44.71187479784534,47.641076176139606,271740800
2008-01-01,41.467403411865234,45.41122359978187,37.62103552390707,45.30230863868302,349476900
2008-02-01,41.04320526123047,42.72276680457691,38.87639982698236,41.82279723602964,254305300
2008-03-01,41.215171813964844,41.76547120712338,38.85919994030403,40.9973419641334,286152900
2008-04-01,43.456504821777344,43.794712328371425,41.60497693062244,41.78841010208968,233492400
2008-05-01,43.972412109375,45.15326288074629,43.18708651841335,43.221483244869,183626800
2008-06-01,40.108642578125,44.71701849044802,39.752354576007455,44.436663494259925,286399100
2008-07-01,38.776939392089844,39.945095432113426,37.421878563908955,39.45447203426111,290300400
2008-08-01,37.129844665527344,38.87039936549383,36.07266250165582,38.63676723409291,220749600
2008-09-01,32.88359832763672,37.22914104797821,30.582331293749228,37.04223399623509,457349300
2008-10-01,26.032360076904297,32.95368449470343,21.902928193137857,32.44553718448533,869362300
2008-11-01,24.373579025268555,27.97734208743122,20.752294332962716,25.92138689290867,700827700
2008-12-01,26.535125732421875,27.085229938691896,22.530604758031618,23.843757025441402,824211100
2009-01-01,22.891427993774414,26.984674419577082,21.885860957934536,26.37542009334644,681249100
2009-02-01,20.51355743408203,24.2282377833162,20.306529932999435,22.459624969980528,622036700
2009-03-01,22.234846115112305,23.40012075759995,18.66804279515132,19.898382726923455,799592100
2009-04-01,24.796085357666016,25.204228491765246,22.05148073097799,22.098802589714882,617070700
2009-05-01,28.0671443939209,28.0671443939209,24.760604058366965,24.932142465945507,410281100
2009-06-01,27.672819137573242,29.70856172958798,26.89959758731421,29.21321786214671,483474800
2009-07-01,30.451581954956055,30.524070693695535,26.150545818281298,28.08359651821252,410179100
2009-08-01,31.822843551635742,32.3967183708807,29.847507325774586,30.940889827612324,383834100
2009-09-01,33.0309944152832,34.015642474488196,30.24619369170747,31.496635315295112,416751400
2009-10-01,32.197364807128906,34.71032980904201,31.66577539200058,32.82560663370099,410702100
2009-11-01,33.45988082885742,34.80093475742141,31.883236843518635,32.48127509134101,360825300
2009-12-01,33.697322845458984,35.148112753849,33.05726922642805,34.42271896232664,336802500
2010-01-01,31.990510940551758,35.35536682043453,31.89907604225775,34.39223674605701,365062200
2010-02-01,32.07585525512695,33.19747402673164,30.44219308071696,32.42941008519644,405863400
2010-03-01,34.1240348815918,34.44710913989511,32.06366912076039,32.14901164072634,364033400
2010-04-01,33.1670036315918,35.41024170967147,32.72201378530779,34.471494859805794,414398000
2010-05-01,29.454679489135742,33.520548112084754,27.949027693749297,33.22794991006733,850916800
2010-06-01,28.847341537475586,31.936136697219265,28.611652202961558,29.70327281183924,634917900
2010-07-01,32.1966438293457,32.75486052477564,28.810135519808814,29.21328991892886,511793100
2010-08-01,30.974769592285156,33.46193210029293,30.28010179467368,32.928525582724106,410832500
2010-09-01,34.06355285644531,34.615568009475275,31.66943032807224,31.731453332849288,410453100
2010-10-01,35.35986328125,36.035924630255366,33.7782525630526,34.41089732353689,344185800
2010-11-01,33.654197692871094,36.910455403027626,33.39989956633801,35.415678148815864,416164300
2010-12-01,36.45021438598633,36.75699086844239,34.571982835570736,34.640851707879825,341421900
2011-01-01,37.21403121948242,37.8213269217734,35.51110270799807,36.694388339158486,330978700
2011-02-01,38.53505325317383,38.80426665470467,37.43941809429556,37.68984994307149,298355800
2011-03-01,37.614715576171875,38.697828737704626,33.870772191347555,38.66652297018651,496011600
2011-04-01,39.73085403442383,40.112761465253236,36.95733216180128,37.68358153593279,299260100
2011-05-01,38.85435104370117,40.28806598530288,36.825859909127836,40.150328240054925,413415500
2011-06-01,38.3839225769043,39.43702419752073,36.18836816565862,39.39234739516276,470157500
2011-07-01,37.47124099731445,38.84346423998368,36.2841087845315,38.326486601761054,394493900
2011-08-01,34.19065856933594,37.91161438788624,31.675983404563166,37.892465452786524,707014500
2011-09-01,30.49524688720703,34.33746967730364,29.410235837214977,34.02473200020829,636211500
2011-10-01,33.4311637878418,35.65863014568269,29.008140295519794,30.195272479218815,549832000
2011-11-01,32.70356369018555,33.69922094707132,29.6463799492485,32.0844673657966,516338600
2011-12-01,31.99228286743164,33.46497597712798,30.894225435928778,32.928863438989026,511113400
2012-01-01,33.6781120300293,34.22068240930155,31.643474955741702,32.644645814262056,392456200
2012-02-01,35.30583190917969,35.93883043105779,34.097967508452015,34.130262873694875,386977800
2012-03-01,35.45439147949219,36.11322725906836,33.96878254781025,35.49960548224933,398944100
2012-04-01,34.718048095703125,35.96466843839735,33.36162301616007,35.292913986214025,392512500
2012-05-01,30.849008560180664,35.02163610915264,30.500215097630033,34.640544811050866,487045100
2012-06-01,33.021793365478516,33.59683442735795,30.754684410381575,31.019071279386832,458382500
2012-07-01,33.048248291015625,33.57041121914517,31.257033838774078,33.11434377904516,393481500
2012-08-01,34.10577392578125,34.97824703634449,32.34760810947896,33.27956813764333,375507100
2012-09-01,35.0311279296875,36.736418008980046,33.78851362921403,34.019852779313645,399614700
2012-10-01,35.414493560791016,36.50508391765984,34.846063455588606,35.4078825011228,324694400
2012-11-01,36.399330139160156,36.518304000964235,34.12561220951204,35.592952302794835,341238100
2012-12-01,37.994041442871094,38.0074058152417,35.682058551618404,36.97837208364597,353941800
2013-01-01,39.4106330871582,39.71132510300754,37.88044681127539,38.53528578523979,328752800
2013-02-01,38.902793884277344,39.81823161961427,38.10094947749625,39.66454517857179,371327400
2013-03-01,39.4106330871582,40.085519894841546,38.475149931063406,38.62215293403926,372903700
2013-04-01,41.38850784301758,41.421920044272625,38.815926383949616,39.13666363385208,423340200
2013-05-01,40.138980865478516,42.85856869139836,40.112252115834586,41.428613722368524,415425700
2013-06-01,39.0640754699707,41.72288796505705,38.47777304075068,40.95933258313768,462737700
2013-07-01,41.14339828491211,41.84559891508057,38.873183899841145,39.41176423347486,317317800
2013-08-01,40.33893966674805,42.39781443486014,40.33212334595072,41.66834587868894,316277900
2013-09-01,43.49542999267578,44.388518922200255,40.932064072260125,41.25248318690162,324938500
2013-10-01,44.91346740722656,45.64975503717638,42.636436093987946,43.54315778569606,349795000
2013-11-01,45.15888977050781,45.404318943280686,44.05446369434326,44.67485034679281,320994000
2013-12-01,46.141605377197266,46.32039697540873,43.666050791074994,45.39206466141116,325944200
2014-01-01,43.74169921875,46.224132159519456,43.5354034119988,45.52959970818509,397306900
2014-02-01,46.423545837402344,46.67110181884675,42.82711134047505,43.69355727553047,367452600
2014-03-01,46.21038055419922,46.89116229032184,44.57376472394701,45.646504070970515,453926600
2014-04-01,46.98054885864258,47.03556247031462,45.16514164455909,46.48543684636767,364968900
2014-05-01,47.7301025390625,47.757604102919,46.567964726590084,47.02869199380677,277252700
2014-06-01,48.169578552246094,49.87457032074694,47.67639551677971,49.06434527159268,265972800
2014-07-01,46.91548156738281,48.81774950491514,46.86616380836712,48.41616050286375,252071500
2014-08-01,47.00002670288086,47.34525100205017,45.590941787638506,46.72525557442719,307913400
2014-09-01,45.175270080566406,47.53548653963343,44.98504058261181,47.140944433109915,312214800
2014-10-01,45.05549621582031,45.0766316320981,41.293238924232675,44.91458716952985,477956000
2014-11-01,45.083675384521484,45.471173218791996,43.94936153888837,44.75253955222412,266223700
2014-12-01,43.283592224121094,45.6455527390516,42.52947212084254,45.55306295731774,498175800
2015-01-01,43.55393600463867,44.407653568300326,41.46943676843085,43.43299096431537,440437800
2015-02-01,46.31428527832031,46.49214352088514,43.72466970080066,43.84561471697347,351876900
2015-03-01,45.65265655517578,47.10398059797254,44.38630662127165,46.30006322239829,429922900
2015-04-01,47.317413330078125,48.42013129285113,45.652657182765665,46.00126328274086,336205500
2015-05-01,47.409908294677734,48.74740076459269,46.84787541201116,47.56642446805382,343277400
2015-06-01,45.931556701660156,48.99173088162273,45.76516180559339,48.32616233625809,416744400
2015-07-01,46.86479187011719,47.46525287346975,44.21698183112647,46.46690021398443,421321200
2015-08-01,43.38502502441406,47.33503656503992,40.881901640897944,46.91543687448953,544264700
2015-09-01,41.46788787841797,44.14463626649391,40.42612755191127,42.14069228503429,504652100
2015-10-01,44.20975112915039,44.99107076662802,41.22915669924071,41.72109705781532,396434800
2015-11-01,43.8769645690918,44.72339436155951,42.82073218877907,44.44848433711714,377600700
2015-12-01,42.85380554199219,44.75858170505963,42.07292070039206,44.619918089472776,646485900
2016-01-01,40.48925018310547,42.218873118911766,37.59924666870351,42.196980038699785,683848400
2016-02-01,39.13912582397461,40.56223460073183,37.17596449777443,40.15354610969492,598859100
2016-03-01,41.71531295776367,42.372133206446776,39.613490945940136,39.708365600519336,476938700
2016-04-01,42.64216613769531,43.904718379914684,40.31410776513537,40.86145714792219,427478700
2016-05-01,42.605674743652344,43.10923515004613,41.35771609343356,42.9851706320505,490646900
2016-06-01,41.57487487792969,44.494502124117005,38.67759363851663,43.27302365057989,815287300
2016-07-01,43.228336334228516,43.31026506107621,40.04802942478917,41.58977032086267,451889400
2016-08-01,43.45922088623047,44.204023320210055,42.34201723526109,43.094269284650125,351656300
2016-09-01,44.04016876220703,44.80731436081521,42.69952494789909,43.6603179294157,480685000
2016-10-01,43.06447219848633,44.20401889932532,42.446287717530296,43.920996048379436,303863600
2016-11-01,42.29733657836914,43.183650570802,41.78342101165752,43.16875417918176,393179500
2016-12-01,43.4420166015625,44.58582199986745,42.4411886721534,42.68951327667022,421631500
2017-01-01,44.87175750732422,45.39851021446707,43.53230013134873,43.60755215840989,456635300
2017-02-01,45.406044006347656,45.850021017027345,44.75889078360385,45.15019279899713,291623700
2017-03-01,46.87342071533203,49.18360509767911,45.33831363927258,45.71456520474372,452061500
2017-04-01,48.009700775146484,48.22040361079973,46.166067468968045,46.798170234784315,384653900
2017-05-01,49.71035385131836,49.95115461804434,48.092473879288896,48.15267550625618,460271400
2017-06-01,49.857513427734375,51.41747320992938,49.57458340646435,50.706315159724156,449488800
2017-07-01,51.180419921875,51.26453582511399,49.36811250766623,49.79634051527095,320072500
2017-08-01,51.15748596191406,51.64688445286789,50.36221195559155,51.570417032548264,343002000
2017-09-01,52.365692138671875,52.54156662569176,50.721616313864686,51.34865850819925,307521300
2017-10-01,53.245079040527344,53.27566717772338,52.10569864190567,52.2051057122248,284405100
2017-11-01,53.612117767333984,53.856816971086296,52.212741461146145,53.47447410059274,368585300
2017-12-01,54.33526611328125,54.83758451904192,53.462009057333056,53.910231997609564,449594400
2018-01-01,57.0632438659668,58.16834218922849,54.42028342156679,54.50529143843035,561908000
2018-02-01,54.30436325073242,57.333727545415776,51.69231532979093,56.97051254275975,728093200
2018-03-01,53.84840774536133,54.98441843382169,52.48056187098809,53.86386106603673,544438200
2018-04-01,54.667579650878906,55.40173928453722,52.743319534130215,53.63976559730086,464618900
2018-05-01,53.63203048706055,55.718576819326806,52.95969600863673,54.60575486023473,450632100
2018-06-01,52.782440185546875,55.982329305807085,52.16768375486744,55.107481765806,569276500
2018-07-01,54.28780746459961,54.46908473601824,52.017936055968384,52.03369642112539,448378600
2018-08-01,53.074066162109375,54.22477149538707,51.348020188418324,54.20112192296678,489382600
2018-09-01,53.586360931396484,54.48485219003241,51.418946647068836,52.41201814828675,419594300
2018-10-01,49.22789001464844,53.846453411391636,47.74616892313936,53.75975635683985,1033122700
2018-11-01,49.47220993041992,50.83571000862425,48.2190504471544,49.653484194470195,712774400
2018-12-01,46.8255729675293,50.78479650685867,45.22435954418512,50.78479650685867,1192464700
2019-01-01,49.93239974975586,50.10765802742175,46.18826580309614,46.20419865005484,684247600
2019-02-01,51.19903564453125,51.597347752192256,49.080018392210114,49.94037096454018,451437300
2019-03-01,51.66904830932617,52.513468052578645,50.23512529573946,51.49379000538459,555464900
2019-04-01,53.1826286315918,53.27025777213074,52.09125138527215,52.16295071742209,469723800
2019-05-01,50.505977630615234,53.36585571218727,50.243090174839594,53.262296749803184,648600400
2019-06-01,53.491703033447266,54.00440080114283,51.603662071483924,51.750148034950364,514270500
2019-07-01,52.45003128051758,54.297382727145255,52.08381940884915,54.02882404318835,402147000
2019-08-01,51.44089889526367,52.954585095675704,49.853969714043416,52.51512721082635,670877300
2019-09-01,53.06852340698242,53.77653999599233,51.09096582555774,51.1479322493488,476001900
2019-10-01,54.86703872680664,54.997251235910944,51.2537254189635,52.91389455236127,573562400
2019-11-01,55.48553466796875,55.90057927172194,55.02980331255289,55.2169760297241,367457000
2019-12-01,57.147560119628906,57.591968727056496,55.155949779937856,56.04476699479303,513948800
2020-01-01,55.534515380859375,57.954064565581454,55.35345935585712,57.57549573094901,452063400
2020-02-01,51.22211837768555,57.49320572988714,49.9300408801055,55.690883087278,689022400
2020-03-01,43.996368408203125,53.05735079608708,37.6347538649988,51.21388014946219,1440369900
2020-04-01,46.55583953857422,47.70800935904782,41.63443418890133,42.57262808928774,749954700
2020-05-01,49.082374572753906,49.80659560715507,44.44901065427273,45.86453287164549,677720100
2020-06-01,50.80575180053711,53.969117054775516,49.3534452266687,50.18810520189541,685654600
2020-07-01,51.7906494140625,53.80217977215985,50.70559211264454,50.74732447347311,486202400
2020-08-01,54.236202239990234,54.89557794669158,52.19963007868611,52.324827151307,392589900
2020-09-01,53.12610626220703,55.1042462373557,51.86576797434504,54.269586300378215,524361200
2020-10-01,51.23977279663086,55.179368700738806,50.88921715294751,53.41823573201301,463999700
2020-11-01,58.551395416259766,59.9035404285997,51.556944304995206,51.81569002976116,482402300
2020-12-01,61.48798751831055,62.36446180717312,59.55805948270519,60.12270914781419,441876000
2021-01-01,61.00761032104492,63.839294388500704,60.678933280159086,62.69313624549378,435531900
2021-02-01,62.37289810180664,65.03602612317647,61.46271242130708,61.75767821690265,374547200
2021-03-01,63.94042205810547,64.94330551365421,61.993635431910995,63.12294103525907,521799500
2021-04-01,65.82820892333984,66.9322262361338,64.22695816898195,64.26909888479551,377884900
2021-05-01,68.12052917480469,68.3902130552129,65.23828149735986,66.36758073726585,441046500
2021-06-01,67.38616943359375,70.14551985271376,67.00174281525314,69.62440415906477,425434600
2021-07-01,67.90729522705078,68.44550039400715,65.33589516288406,67.39472415379765,464219700
2021-08-01,68.88973999023438,69.5817107445324,67.33493707967233,68.46259626186352,363675100
2021-09-01,66.6429443359375,70.29929240151576,66.48062768705168,69.41937765423894,570964000
2021-10-01,68.7615737915039,69.21434495735373,65.29316990123331,66.67711748923145,459407700
2021-11-01,65.64342498779297,70.05155004601069,65.0710541309319,69.15454588346586,403700900
2021-12-01,68.52579498291016,69.39673797626449,66.19166749492982,67.8377492207881,635069800
2022-01-01,66.03490447998047,69.71028536412936,64.04044401671779,68.92643525818815,782023400
2022-02-01,63.770442962646484,67.84645617694284,61.81953264269999,66.44423751564048,727530200
2022-03-01,64.10139465332031,65.65167191690281,57.95254004547651,63.50044858442795,830485300
2022-04-01,59.78152084350586,64.98976237185113,59.285083650325106,64.50202982354284,593370800
2022-05-01,60.9747200012207,61.37535297537716,56.28904250764828,59.563789978938516,722117700
2022-06-01,55.62928771972656,62.96462796409101,54.409696186371086,62.688657931541776,613962900
2022-07-01,58.50467300415039,58.54028226220464,53.00316828254122,54.93492468752675,408538800
2022-08-01,54.92601013183594,59.4393754744096,54.90820550732727,58.48685013644757,385098800
2022-09-01,49.860721588134766,56.60852327107943,49.15745740887521,54.12483351838275,578474100
2022-10-01,52.79841613769531,53.63521326318304,48.614423718485675,50.377041107844185,584992100
2022-11-01,59.7509651184082,59.95570984622735,51.68565218819071,53.85776581851794,504615900
2022-12-01,58.66773223876953,61.474201543076774,58.17615039734554,60.66086510063195,470342500
2023-01-01,63.949981689453125,64.19129936441983,58.90012174934986,59.400636523504424,414398000
2023-02-01,61.98365783691406,64.74544230464382,61.456330772206314,63.896346991315006,339025900
2023-03-01,63.923160552978516,64.06616866626362,59.05206091249074,62.47524091047869,563179000
2023-04-01,65.80010223388672,66.00566786579142,63.780157027898916,64.07510613698159,270145800
2023-05-01,63.16344451904297,66.18442593154055,62.68080239718238,65.86266451696683,347515100
2023-06-01,65.98688507080078,67.27021954805622,64.4487058036222,64.66715014698465,353847700
2023-07-01,67.77080535888672,68.02565014811277,63.656867452809664,65.95958108345897,264207400
2023-08-01,65.10403442382812,67.29753315243335,63.083469089561284,67.10639953216496,310099800
2023-09-01,62.72848892211914,65.69562492504436,61.96395464504577,65.66832112143443,279770400
2023-10-01,60.908172607421875,63.5840569628777,59.77957120297119,62.31892957098536,438081500
2023-11-01,65.91407012939453,66.22352947640562,60.880864708652815,61.0537980773943,299083400
2023-12-01,69.44113159179688,69.72682650207119,66.565803179245,66.70403471361345,325707700
2024-01-01,69.12779235839844,70.01250926928657,66.8883502607705,68.69464816605523,330239500
2024-02-01,71.19213104248047,71.47781889768119,68.21542136928346,69.29367646463456,265090500
2024-03-01,73.59746551513672,73.78177891845367,71.19213833699072,71.48704400096122,308791400
2024-04-01,71.21056365966797,73.68040112091722,69.93878435937076,73.46844141975369,350413400
2024-05-01,74.8139419555664,75.5051276694829,70.87879438468784,71.19212853339974,245638500
2024-06-01,73.4472885131836,77.03854656138614,72.53775247527075,76.36342673308732,262469500
2024-07-01,75.35074615478516,76.766622048216,73.11910643938822,73.85048386066053,252837000
2024-08-01,77.80743408203125,78.08872925082075,69.30281399490623,74.39432737276704,281380800
2024-09-01,78.41691589355469,79.28894456875555,74.43183992209774,77.68553838928605,203316100
2024-10-01,74.28181457519531,78.4731778257729,73.57856589969748,78.44504902336345,203048900
2024-11-01,74.04739379882812,75.33199005534001,71.91889059900963,74.68500617824232,249507700
2024-12-01,71.86287689208984,76.63408966615768,70.68433155270091,75.16090980474466,282311800
2025-01-01,75.31297302246094,76.33945145455615,70.5607661160486,71.94840966256592,233548800
2025-02-01,77.5370101928711,78.87712877961648,73.801775247039,74.04889203834307,225324800
2025-03-01,77.67957305908203,80.96809918935594,76.90971065122453,79.04820364283293,329476500
2025-04-01,80.54991149902344,80.8160339402293,68.57435088571034,77.72709928097473,485255400
2025-05-01,84.40869903564453,85.02648740045586,80.18874411942402,80.76851395780008,263955300
2025-06-01,86.43131256103516,87.51424474718594,82.84410937655518,86.02521575755561,323865000
2025-07-01,84.62319946289062,88.53915272180073,84.4588280105281,86.16057638280871,264056900
2025-08-01,88.45213317871094,90.28923972662884,83.86901575671762,84.39114333809172,263849400
2025-09-01,90.27957916259766,90.66633379020784,87.05979598732831,87.1178077060955,331534400
2025-10-01,91.36251068115234,92.7741858315944,89.07095909787789,90.77270024048428,334540600
2025-11-01,92.03934478759766,93.48969685861874,88.19107404666462,91.43019219657064,305832000
2025-12-01,94.53404235839844,95.90238832163406,92.66363907805203,93.44133335026872,426240800
2026-01-01,99.17066955566406,100.72605810844883,95.00656872766004,95.5184648598133,424640600
2026-02-01,103.73838806152344,104.28966949084717,98.70799102102553,99.30848904421526,398390400
2026-03-01,95.61690521240234,102.11409635670584,91.63000065808201,101.15920582444423,671955900
2026-04-01,100.72605895996094,103.49228238263925,94.8589047283892,96.98525234755874,316871400
2026-05-01,103.16743469238281,103.87621226535272,98.69815764737447,100.69653322361654,285095400
2026-06-01,103.87999725341797,105.41999816894531,101.33999633789062,103.98999786376953,321417100
2026-07-01,105.58000183105469,106.31999969482422,102.26000213623047,103.06999969482422,239480200
2026-08-01,107.44999694824219,108.88999938964844,105.54000091552734,105.72000122070312,184688700
2026-09-01,104.97000122070312,108.58000183105469,104.36000061035156,107.04000091552734,143751400
