Date,EFA
2001-08-31,21.252365112304688
2001-09-30,19.207916259765625
2001-10-31,19.55829620361328
2001-11-30,20.212390899658203
2001-12-31,20.335609436035156
2002-01-31,19.159452438354492
2002-02-28,19.38956642150879
2002-03-31,20.471975326538086
2002-04-30,20.783906936645508
2002-05-31,20.894704818725586
2002-06-30,20.207761764526367
2002-07-31,18.281587600708008
2002-08-31,18.102609634399414
2002-09-30,16.227567672729492
2002-10-31,16.849740982055664
2002-11-30,17.79578971862793
2002-12-31,17.199913024902344
2003-01-31,16.459867477416992
2003-02-28,16.112428665161133
2003-03-31,15.738940238952637
2003-04-30,17.33888816833496
2003-05-31,18.457637786865234
2003-06-30,18.815500259399414
2003-07-31,19.100399017333984
2003-08-31,19.729267120361328
2003-09-30,20.325117111206055
2003-10-31,21.645376205444336
2003-11-30,22.19258689880371
2003-12-31,24.131683349609375
2004-01-31,24.403379440307617
2004-02-29,24.96441650390625
2004-03-31,24.982059478759766
2004-04-30,24.135204315185547
2004-05-31,24.410432815551758
2004-06-30,25.22905158996582
2004-07-31,24.152854919433594
2004-08-31,24.440418243408203
2004-09-30,24.9467716217041
2004-10-31,25.82008934020996
2004-11-30,27.390274047851562
2004-12-31,28.70686149597168
2005-01-31,28.160497665405273
2005-02-28,29.226354598999023
2005-03-31,28.459657669067383
2005-04-30,27.999265670776367
2005-05-31,27.757431030273438
2005-06-30,28.155113220214844
2005-07-31,28.998863220214844
2005-08-31,30.111305236816406
2005-09-30,31.22374725341797
2005-10-31,30.229541778564453
2005-11-30,30.928178787231445
2005-12-31,32.53105926513672
2006-01-31,34.40857696533203
2006-02-28,34.16773223876953
2006-03-31,35.536197662353516
2006-04-30,37.23855972290039
2006-05-31,35.81535720825195
2006-06-30,35.79346466064453
2006-07-31,36.083587646484375
2006-08-31,37.0031852722168
2006-09-30,37.085296630859375
2006-10-31,38.47565460205078
2006-11-30,39.65800857543945
2006-12-31,40.925941467285156
2007-01-31,41.496070861816406
2007-02-28,41.445762634277344
2007-03-31,42.64750671386719
2007-04-30,44.246089935302734
2007-05-31,45.29130172729492
2007-06-30,45.14597702026367
2007-07-31,44.11193084716797
2007-08-31,43.83245086669922
2007-09-30,46.16326141357422
2007-10-31,48.12515640258789
2007-11-30,46.381248474121094
2007-12-31,44.99849319458008
2008-01-31,41.46739196777344
2008-02-29,41.04320526123047
2008-03-31,41.215171813964844
2008-04-30,43.45649719238281
2008-05-31,43.972408294677734
2008-06-30,40.10863494873047
2008-07-31,38.776939392089844
2008-08-31,37.12984085083008
2008-09-30,32.88359451293945
2008-10-31,26.032360076904297
2008-11-30,24.373579025268555
2008-12-31,26.535123825073242
2009-01-31,22.891429901123047
2009-02-28,20.51355743408203
2009-03-31,22.234851837158203
2009-04-30,24.79608726501465
2009-05-31,28.0671329498291
2009-06-30,27.672822952270508
2009-07-31,30.451580047607422
2009-08-31,31.822830200195312
2009-09-30,33.030982971191406
2009-10-31,32.19736099243164
2009-11-30,33.45988464355469
2009-12-31,33.69732666015625
2010-01-31,31.99051284790039
2010-02-28,32.07584762573242
2010-03-31,34.124027252197266
2010-04-30,33.1669921875
2010-05-31,29.454681396484375
2010-06-30,28.847339630126953
2010-07-31,32.19663619995117
2010-08-31,30.974763870239258
2010-09-30,34.063560485839844
2010-10-31,35.35985565185547
2010-11-30,33.65419006347656
2010-12-31,36.450218200683594
2011-01-31,37.21402359008789
2011-02-28,38.5350456237793
2011-03-31,37.614715576171875
2011-04-30,39.730865478515625
2011-05-31,38.85435485839844
2011-06-30,38.38393020629883
2011-07-31,37.47123336791992
2011-08-31,34.190677642822266
2011-09-30,30.495248794555664
2011-10-31,33.4311637878418
2011-11-30,32.70356369018555
2011-12-31,31.99227523803711
2012-01-31,33.67811965942383
2012-02-29,35.30582809448242
2012-03-31,35.45439529418945
2012-04-30,34.718055725097656
2012-05-31,30.849002838134766
2012-06-30,33.02180099487305
2012-07-31,33.04824447631836
2012-08-31,34.10578536987305
2012-09-30,35.031124114990234
2012-10-31,35.414493560791016
2012-11-30,36.399314880371094
2012-12-31,37.994041442871094
2013-01-31,39.41062545776367
2013-02-28,38.90279769897461
2013-03-31,39.41062545776367
2013-04-30,41.38851547241211
2013-05-31,40.13896942138672
2013-06-30,39.06407165527344
2013-07-31,41.14340591430664
2013-08-31,40.33894348144531
2013-09-30,43.49542236328125
2013-10-31,44.9134635925293
2013-11-30,45.15888977050781
2013-12-31,46.14160919189453
2014-01-31,43.741703033447266
2014-02-28,46.42354965209961
2014-03-31,46.21038055419922
2014-04-30,46.980552673339844
2014-05-31,47.7301139831543
2014-06-30,48.16957473754883
2014-07-31,46.915489196777344
2014-08-31,47.000038146972656
2014-09-30,45.175262451171875
2014-10-31,45.05549240112305
2014-11-30,45.08367156982422
2014-12-31,43.283592224121094
2015-01-31,43.55393981933594
2015-02-28,46.31429672241211
2015-03-31,45.65266036987305
2015-04-30,47.31742477416992
2015-05-31,47.4099006652832
2015-06-30,45.931549072265625
2015-07-31,46.864803314208984
2015-08-31,43.38502883911133
2015-09-30,41.467899322509766
2015-10-31,44.209754943847656
2015-11-30,43.87696838378906
2015-12-31,42.85380554199219
2016-01-31,40.48925018310547
2016-02-29,39.139129638671875
2016-03-31,41.71531677246094
2016-04-30,42.64216613769531
2016-05-31,42.605674743652344
2016-06-30,41.57487487792969
2016-07-31,43.22833251953125
2016-08-31,43.45922088623047
2016-09-30,44.0401725769043
2016-10-31,43.064483642578125
2016-11-30,42.29733657836914
2016-12-31,43.4420051574707
2017-01-31,44.871768951416016
2017-02-28,45.40604782104492
2017-03-31,46.8734245300293
2017-04-30,48.00970458984375
2017-05-31,49.71034622192383
2017-06-30,49.85750961303711
2017-07-31,51.180419921875
2017-08-31,51.15748596191406
2017-09-30,52.365684509277344
2017-10-31,53.24507141113281
2017-11-30,53.61212158203125
2017-12-31,54.33527755737305
2018-01-31,57.06324005126953
2018-02-28,54.30435562133789
2018-03-31,53.848411560058594
2018-04-30,54.667579650878906
2018-05-31,53.63202667236328
2018-06-30,52.78244400024414
2018-07-31,54.28781509399414
2018-08-31,53.074058532714844
2018-09-30,53.58635711669922
2018-10-31,49.22788619995117
2018-11-30,49.47222137451172
2018-12-31,46.825565338134766
2019-01-31,49.932411193847656
2019-02-28,51.199031829833984
2019-03-31,51.66905212402344
2019-04-30,53.18263244628906
2019-05-31,50.50596618652344
2019-06-30,53.49171447753906
2019-07-31,52.450035095214844
2019-08-31,51.44091033935547
2019-09-30,53.068519592285156
2019-10-31,54.86704635620117
2019-11-30,55.48554611206055
2019-12-31,57.14754867553711
2020-01-31,55.53452682495117
2020-02-29,51.22211837768555
2020-03-31,43.996376037597656
2020-04-30,46.55583190917969
2020-05-31,49.08237075805664
2020-06-30,50.805747985839844
2020-07-31,51.790653228759766
2020-08-31,54.2362060546875
2020-09-30,53.12611389160156
2020-10-31,51.23977279663086
2020-11-30,58.5514030456543
2020-12-31,61.48798370361328
2021-01-31,61.00761413574219
2021-02-28,62.37288284301758
2021-03-31,63.94042205810547
2021-04-30,65.82820892333984
2021-05-31,68.12053680419922
2021-06-30,67.38618469238281
2021-07-31,67.90729522705078
2021-08-31,68.88973999023438
2021-09-30,66.6429672241211
2021-10-31,68.76158905029297
2021-11-30,65.6434326171875
2021-12-31,68.52580261230469
2022-01-31,66.03490447998047
2022-02-28,63.770450592041016
2022-03-31,64.10139465332031
2022-04-30,59.781524658203125
2022-05-31,60.9747200012207
2022-06-30,55.6292839050293
2022-07-31,58.50466537475586
2022-08-31,54.926021575927734
2022-09-30,49.8607177734375
2022-10-31,52.79841995239258
2022-11-30,59.75096130371094
2022-12-31,58.6677360534668
2023-01-31,63.949989318847656
2023-02-28,61.98366165161133
2023-03-31,63.92316818237305
2023-04-30,65.80010986328125
2023-05-31,63.1634521484375
2023-06-30,65.98688507080078
2023-07-31,67.77081298828125
2023-08-31,65.10401916503906
2023-09-30,62.72850036621094
2023-10-31,60.90817642211914
2023-11-30,65.91407775878906
2023-12-31,69.44113159179688
2024-01-31,69.12779235839844
2024-02-29,71.19213104248047
2024-03-31,73.59746551513672
2024-04-30,71.21056365966797
2024-05-31,74.81394958496094
2024-06-30,73.44729614257812
2024-07-31,75.35074615478516
2024-08-31,77.80742645263672
2024-09-30,78.41691589355469
2024-10-31,74.28182220458984
2024-11-30,74.04739379882812
2024-12-31,71.86287689208984
2025-01-31,75.31297302246094
2025-02-28,77.5370101928711
2025-03-31,77.67957305908203
2025-04-30,80.54991149902344
2025-05-31,84.40869903564453
2025-06-30,86.43131256103516
2025-07-31,84.62319946289062
2025-08-31,88.45213317871094
2025-09-30,90.27957916259766
2025-10-31,91.36251068115234
2025-11-30,92.03934478759766
2025-12-31,94.53404235839844
2026-01-31,99.17066955566406
2026-02-28,103.73838806152344
2026-03-31,95.61690521240234
2026-04-30,100.72605895996094
2026-05-31,103.16743469238281
2026-06-30,103.87999725341797
2026-07-31,105.58000183105469
2026-08-31,107.44999694824219
2026-09-30,106.3550033569336
