Date,EEM
2003-04-30,7.516482830047607
2003-05-31,8.20219612121582
2003-06-30,8.546473503112793
2003-07-31,9.031179428100586
2003-08-31,9.752533912658691
2003-09-30,9.689092636108398
2003-10-31,10.578670501708984
2003-11-30,10.777544021606445
2003-12-31,11.745845794677734
2004-01-31,12.030303955078125
2004-02-29,12.50606918334961
2004-03-31,12.574856758117676
2004-04-30,11.342452049255371
2004-05-31,11.475000381469727
2004-06-30,11.58105182647705
2004-07-31,11.159740447998047
2004-08-31,11.553820610046387
2004-09-30,12.359906196594238
2004-10-31,12.71170711517334
2004-11-30,13.976365089416504
2004-12-31,14.639680862426758
2005-01-31,14.562077522277832
2005-02-28,15.972012519836426
2005-03-31,14.708582878112793
2005-04-30,14.525090217590332
2005-05-31,14.984189987182617
2005-06-30,15.578911781311035
2005-07-31,16.775615692138672
2005-08-31,16.99755096435547
2005-09-30,18.468408584594727
2005-10-31,17.297813415527344
2005-11-30,18.298694610595703
2005-12-31,19.415998458862305
2006-01-31,22.1727352142334
2006-02-28,21.319093704223633
2006-03-31,21.7811222076416
2006-04-30,23.200193405151367
2006-05-31,20.615053176879883
2006-06-30,20.659059524536133
2006-07-31,21.143085479736328
2006-08-31,21.477510452270508
2006-09-30,21.29049301147461
2006-10-31,22.793180465698242
2006-11-30,24.157243728637695
2006-12-31,25.476177215576172
2007-01-31,25.50518226623535
2007-02-28,24.6795597076416
2007-03-31,25.996105194091797
2007-04-30,26.964540481567383
2007-05-31,28.33017349243164
2007-06-30,29.372243881225586
2007-07-31,29.581993103027344
2007-08-31,29.88994026184082
2007-09-30,33.3486442565918
2007-10-31,37.30720138549805
2007-11-30,34.45320129394531
2007-12-31,33.96854019165039
2008-01-31,30.937824249267578
2008-02-29,31.5548152923584
2008-03-31,30.37055206298828
2008-04-30,33.145904541015625
2008-05-31,34.19456100463867
2008-06-30,31.02489471435547
2008-07-31,29.317293167114258
2008-08-31,27.465662002563477
2008-09-30,23.433258056640625
2008-10-31,17.43950080871582
2008-11-30,15.738751411437988
2008-12-31,17.365121841430664
2009-01-31,15.751707077026367
2009-02-28,14.764180183410645
2009-03-31,17.253856658935547
2009-04-30,19.93825340270996
2009-05-31,23.116403579711914
2009-06-30,22.596406936645508
2009-07-31,25.085308074951172
2009-08-31,24.755794525146484
2009-09-30,27.279752731323242
2009-10-31,26.34027099609375
2009-11-30,28.408512115478516
2009-12-31,29.33912467956543
2010-01-31,27.06269645690918
2010-02-28,27.543439865112305
2010-03-31,29.777450561523438
2010-04-30,29.727968215942383
2010-05-31,26.935440063476562
2010-06-30,26.5587158203125
2010-07-31,29.46224021911621
2010-08-31,28.508628845214844
2010-09-30,31.86048126220703
2010-10-31,32.82121658325195
2010-11-30,31.867612838745117
2010-12-31,34.18686294555664
2011-01-31,32.87364959716797
2011-02-28,32.85930252075195
2011-03-31,34.92601013183594
2011-04-30,35.88043212890625
2011-05-31,34.8255500793457
2011-06-30,34.499752044677734
2011-07-31,34.14460754394531
2011-08-31,30.984548568725586
2011-09-30,25.4399471282959
2011-10-31,29.578475952148438
2011-11-30,28.998638153076172
2011-12-31,27.761898040771484
2012-01-31,30.81322479248047
2012-02-29,32.43767547607422
2012-03-31,31.427875518798828
2012-04-30,30.893714904785156
2012-05-31,27.586288452148438
2012-06-30,28.97536277770996
2012-07-31,28.967954635620117
2012-08-31,29.08643913269043
2012-09-30,30.604434967041016
2012-10-31,30.471147537231445
2012-11-30,30.945066452026367
2012-12-31,33.050437927246094
2013-01-31,32.95356750488281
2013-02-28,32.20087814331055
2013-03-31,31.87299346923828
2013-04-30,32.26051330566406
2013-05-31,30.7030029296875
2013-06-30,29.067838668823242
2013-07-31,29.452882766723633
2013-08-31,28.705427169799805
2013-09-30,30.774145126342773
2013-10-31,32.05767059326172
2013-11-30,31.974613189697266
2013-12-31,31.844594955444336
2014-01-31,29.09438705444336
2014-02-28,30.0771541595459
2014-03-31,31.242755889892578
2014-04-30,31.486543655395508
2014-05-31,32.415985107421875
2014-06-30,33.194549560546875
2014-07-31,33.64757537841797
2014-08-31,34.59971618652344
2014-09-30,31.91221809387207
2014-10-31,32.3652458190918
2014-11-30,31.866147994995117
2014-12-31,30.60311508178711
2015-01-31,30.392822265625
2015-02-28,31.73253059387207
2015-03-31,31.257394790649414
2015-04-30,33.39937973022461
2015-05-31,32.02851104736328
2015-06-30,31.08979606628418
2015-07-31,29.1280517578125
2015-08-31,26.554241180419922
2015-09-30,25.722454071044922
2015-10-31,27.362476348876953
2015-11-30,26.67194366455078
2015-12-31,25.65311622619629
2016-01-31,24.362098693847656
2016-02-29,24.162864685058594
2016-03-31,27.294790267944336
2016-04-30,27.406360626220703
2016-05-31,26.394264221191406
2016-06-30,27.59760093688965
2016-07-31,29.083507537841797
2016-08-31,29.34052848815918
2016-09-30,30.0794620513916
2016-10-31,29.830474853515625
2016-11-30,28.513240814208984
2016-12-31,28.441190719604492
2017-01-31,30.33401870727539
2017-02-28,30.8620662689209
2017-03-31,31.999387741088867
2017-04-30,32.54368591308594
2017-05-31,33.469783782958984
2017-06-30,33.779930114746094
2017-07-31,35.746822357177734
2017-08-31,36.58744812011719
2017-09-30,36.57112121582031
2017-10-31,37.770843505859375
2017-11-30,37.623939514160156
2017-12-31,39.0391845703125
2018-01-31,42.27864074707031
2018-02-28,39.78483581542969
2018-03-31,40.000247955322266
2018-04-30,38.87348556518555
2018-05-31,37.85441589355469
2018-06-30,36.1336784362793
2018-07-31,37.40958023071289
2018-08-31,36.000240325927734
2018-09-30,35.79176712036133
2018-10-31,32.6562385559082
2018-11-30,34.25736618041992
2018-12-31,33.06216049194336
2019-01-31,36.48179626464844
2019-02-28,35.92314529418945
2019-03-31,36.329437255859375
2019-04-30,37.18434524536133
2019-05-31,34.45878601074219
2019-06-30,36.59790802001953
2019-07-31,35.6256103515625
2019-08-31,34.27802658081055
2019-09-30,34.857994079589844
2019-10-31,36.31645202636719
2019-11-30,36.2823371887207
2019-12-31,39.08706283569336
2020-01-31,36.682777404785156
2020-02-29,35.29769515991211
2020-03-31,29.73125457763672
2020-04-30,31.917753219604492
2020-05-31,32.86728286743164
2020-06-30,35.038124084472656
2020-07-31,37.92949676513672
2020-08-31,39.024715423583984
2020-09-30,38.630435943603516
2020-10-31,39.17366409301758
2020-11-30,42.69588088989258
2020-12-31,45.7398567199707
2021-01-31,47.191646575927734
2021-02-28,47.56343460083008
2021-03-31,47.21820068359375
2021-04-30,47.78474807739258
2021-05-31,48.57259750366211
2021-06-30,49.03423309326172
2021-07-31,45.877906799316406
2021-08-31,46.59808349609375
2021-09-30,44.79319381713867
2021-10-31,45.273311614990234
2021-11-30,43.42396926879883
2021-12-31,44.07840347290039
2022-01-31,44.06937789916992
2022-02-28,42.16548538208008
2022-03-31,40.73981475830078
2022-04-30,38.24038314819336
2022-05-31,38.4749870300293
2022-06-30,36.490577697753906
2022-07-31,36.36317443847656
2022-08-31,35.88087844848633
2022-09-30,31.74042510986328
2022-10-31,31.11253547668457
2022-11-30,35.96278381347656
2022-12-31,35.01426315307617
2023-01-31,38.2108154296875
2023-02-28,35.31913375854492
2023-03-31,36.45548629760742
2023-04-30,36.150611877441406
2023-05-31,35.28218078613281
2023-06-30,36.834197998046875
2023-07-31,39.05951690673828
2023-08-31,36.47106170654297
2023-09-30,35.33512878417969
2023-10-31,34.1712532043457
2023-11-30,36.834197998046875
2023-12-31,38.1474494934082
2024-01-31,36.42081069946289
2024-02-29,37.93873596191406
2024-03-31,38.97283172607422
2024-04-30,38.88744354248047
2024-05-31,39.64640808105469
2024-06-30,40.68436050415039
2024-07-31,41.028255462646484
2024-08-31,41.42945861816406
2024-09-30,43.808048248291016
2024-10-31,42.46113967895508
2024-11-30,41.32438278198242
2024-12-31,40.62323760986328
2025-01-31,41.49748229980469
2025-02-28,41.97346115112305
2025-03-31,42.44944381713867
2025-04-30,42.50772476196289
2025-05-31,44.21735763549805
2025-06-30,47.313472747802734
2025-07-31,47.62732696533203
2025-08-31,48.90235900878906
2025-09-30,52.374366760253906
2025-10-31,54.23787307739258
2025-11-30,53.276695251464844
2025-12-31,54.427101135253906
2026-01-31,58.79439926147461
2026-02-28,62.25640869140625
2026-03-31,56.49634552001953
2026-04-30,63.65911865234375
2026-05-31,68.24527740478516
2026-06-30,68.41000366210938
2026-07-31,64.08999633789062
2026-08-31,67.0199966430664
2026-09-30,68.96499633789062
